metric,Baseline,Verbalizado
context_recall,0.644988344988345,0.7055944055944057
context_precision,0.44780497276879067,0.4106837606512795
faithfulness,0.9678878813494198,0.9425957369829288
answer_relevancy,0.5628634215634701,0.6402159554999075