metric,Baseline,Verbalizado
context_recall,0.6458333333333334,0.8273809523809524
context_precision,0.4387648809164323,0.4841021824992266
faithfulness,0.959753787878788,0.9532242063492065
answer_relevancy,0.5874821695526686,0.7297403199394462