metric,Baseline,Verbalizado
context_recall,0.7698412698412699,0.8333333333333334
context_precision,0.5513447971326828,0.4862874779165043
faithfulness,0.9699546485260772,0.9507936507936509
answer_relevancy,0.5713683901960452,0.6578296304270131
