metric,Baseline,Verbalizado
context_recall,0.5986111111111111,0.7062499999999999
context_precision,0.3752893518211738,0.3781828703387741
faithfulness,0.9520006613756614,0.8991348563716985
answer_relevancy,0.6379031702644165,0.7322231217168874
