metric,Baseline,Verbalizado
context_recall,0.5789473684210527,0.5
context_precision,0.4212719297954989,0.3385964911992104
faithfulness,0.9579284750337382,0.9802631578947368
answer_relevancy,0.5486873358742859,0.5236384688451509
