sample_id,faithfulness,answer_relevancy,context_precision,context_recall,answer_similarity,answer_correctness
1,0.6666666666666666,0.0,0.0,1.0,0.4701053343655944,0.4925263335913986
2,0.8571428571428571,0.9033274355456886,0.9999999999,1.0,0.7856078992480391,0.8392591176691526
3,0.75,0.7934994548595018,0.49999999995,1.0,0.7119078549142712,0.4279769637285678
4,1.0,0.0,0.8666666666377778,1.0,0.7010594879748908,0.47526487199372275
5,0.9285714285714286,0.7645745114089696,0.49999999995,0.6666666666666666,0.685164465364745,0.3855768306269005
6,0.8333333333333334,0.815773552828759,0.9999999999,1.0,0.9025093699695252,0.9756273424923814
7,1.0,0.0,0.0,0.0,0.4703831167818827,0.3050957791954707
8,1.0,0.8399932462883588,0.5666666666525,1.0,0.65660404603891,0.7266510115097276
