sample_id,faithfulness,answer_relevancy,context_precision,context_recall,answer_similarity,answer_correctness
1,0.6666666666666666,0.0,0.0,1.0,0.4701053349863883,0.49252633374659704
2,0.8571428571428571,0.9033274360870633,0.9999999999,1.0,0.7856078981670923,0.8392591173989159
3,0.75,0.7230774385353286,0.49999999995,1.0,0.7119078554125611,0.42797696385314027
4,1.0,0.0,0.8666666666377778,1.0,0.7010594878250738,0.6752648719562684
5,0.9285714285714286,0.7528722711440639,0.49999999995,0.6666666666666666,0.6851644649809414,0.38557683053094965
6,0.8333333333333334,0.8112613291251456,0.9999999999,1.0,0.9025093703727027,0.9756273425931756
7,1.0,0.0,0.0,0.0,0.47038311556790924,0.3050957788919773
8,1.0,0.8419756771267802,0.5666666666525,1.0,0.6566040467752307,0.7266510116938076
